{
  "train_losses": [
    0.6284770136862471,
    0.5478544696642641
  ],
  "val_losses": [
    0.5557463754687393,
    0.4747058111324645
  ],
  "train_accuracies": [
    64.13641364136414,
    78.13531353135313
  ],
  "val_accuracies": [
    74.6974697469747,
    86.79867986798679
  ],
  "best_epoch": 2,
  "best_val_loss": 0.4747058111324645,
  "best_val_accuracy": 86.79867986798679
}