{
  "train_losses": [
    0.793155557753747,
    0.6933453733983793
  ],
  "val_losses": [
    0.7590397700928805,
    0.6424071495993096
  ],
  "train_accuracies": [
    39.35643564356435,
    55.72057205720572
  ],
  "val_accuracies": [
    45.43454345434544,
    62.48624862486248
  ],
  "best_epoch": 2,
  "best_val_loss": 0.6424071495993096,
  "best_val_accuracy": 62.48624862486248
}