{
  "train_losses": [
    0.7756884458817934,
    0.6662807579626117
  ],
  "val_losses": [
    0.7023537326277348,
    0.6079276104768118
  ],
  "train_accuracies": [
    46.947194719471945,
    59.07590759075907
  ],
  "val_accuracies": [
    56.545654565456545,
    68.64686468646865
  ],
  "best_epoch": 2,
  "best_val_loss": 0.6079276104768118,
  "best_val_accuracy": 68.64686468646865
}