{
  "train_losses": [
    0.6808591145172453,
    0.5959824649126906
  ],
  "val_losses": [
    0.6259467580862212,
    0.5417772233486176
  ],
  "train_accuracies": [
    57.42574257425743,
    70.32453245324533
  ],
  "val_accuracies": [
    62.926292629262925,
    76.01760176017602
  ],
  "best_epoch": 2,
  "best_val_loss": 0.5417772233486176,
  "best_val_accuracy": 76.01760176017602
}