{
  "train_losses": [
    0.6665426686144712,
    0.5833956737790191
  ],
  "val_losses": [
    0.6372111722042686,
    0.5569688604589094
  ],
  "train_accuracies": [
    60.83608360836084,
    71.86468646864687
  ],
  "val_accuracies": [
    64.13641364136414,
    75.24752475247524
  ],
  "best_epoch": 2,
  "best_val_loss": 0.5569688604589094,
  "best_val_accuracy": 75.24752475247524
}